﻿{
  "$schema": "https://raw.githubusercontent.com/DotNetAnalyzers/StyleCopAnalyzers/master/StyleCop.Analyzers/StyleCop.Analyzers/Settings/stylecop.schema.json",
  "settings": {
    "documentationRules": {
      "companyName": "DGP Studio",
      "copyrightText": "Copyright (c) {companyName}. All rights reserved.\nLicensed under the {licenseName} license.",
      "xmlHeader": false,
      "variables": {
        "licenseName": "MIT"
      }
    },
    "orderingRules": {
      "elementOrder": [
        "kind",
        "accessibility",
        "constant",
        "static",
        "readonly"
      ],
      "usingDirectivesPlacement": "outsideNamespace"
    }
  }
}
